﻿<?xml version="1.0" encoding="UTF-8"?>
<clinica xmlns:xs= "http://www.w3.org/2001/XMLSchema-instance" xs:noNamespaceSchemaLocation="ej1.xsd">
  <datos>
    <nombre>CLINICA LA BONDAD</nombre>
    <direccion>C/Vedat, 23</direccion>
    <telefono>961554578</telefono>
  </datos>
    <medicos>
    <medico DNI="52647396L">
      <nombre>PEPE PEREZ</nombre>
      <telefono>659585858</telefono>
      <especialidad>CIRUGÍA</especialidad>
    </medico>
    <medico DNI="52454396H">
      <nombre>JUAN SANCHEZ</nombre>
      <telefono>654787878</telefono>
      <especialidad>INTERNISTA</especialidad>
    </medico>
  </medicos>
</clinica>
