﻿<?xml version="1.0" encoding="UTF-8"?>

<!DOCTYPE tiendas [

<!ELEMENT tiendas (tienda+)>
<!ELEMENT tienda (datos, productos+)>

<!ELEMENT datos (nombre, direccion, telefono)>
<!ELEMENT nombre (#PCDATA)>
<!ELEMENT direccion (#PCDATA)>
<!ELEMENT telefono (#PCDATA)>

<!ELEMENT productos (producto+)>
<!ELEMENT producto (descripcion, precio)>
<!ELEMENT descripcion (#PCDATA)>
<!ELEMENT precio (#PCDATA)>

<!ATTLIST tienda cod CDATA #REQUIRED>
<!ATTLIST producto ref CDATA #REQUIRED>

]>

<tiendas>
  <tienda cod="t1">
    <datos>
      <nombre>VIMA</nombre>
      <direccion>C/Vedat, 8</direccion>
      <telefono>961511111</telefono>
    </datos>
    <productos>
      <producto ref="p1">
        <descripcion>pantalón levi's desde la 36 a 48</descripcion>
        <precio>85</precio>
      </producto>
      <producto ref="p2">
        <descripcion>camiseta grabado de la xs a la xxl</descripcion>
        <precio>25</precio>
      </producto>
    </productos>
  </tienda>
  <tienda cod="t2">
    <datos>
      <nombre>NACOR</nombre>
      <direccion>C/San Valeriano, 8</direccion>
      <telefono>961533131</telefono>
    </datos>
    <productos>
      <producto ref="p3">
        <descripcion>guantes lana negros</descripcion>
        <precio>15</precio>
      </producto>
      <producto ref="p4">
        <descripcion>cuello lana pura </descripcion>
        <precio>10</precio>
      </producto>
    </productos>
  </tienda>
</tiendas>
