﻿<?xml version="1.0" encoding="UTF-8"?>
<?xml-stylesheet version="1.0" type="text/xsl" href="ej2_xsl.xsl"?>
<cds>
	<cd>
		<titulo>babilonia</titulo>
		<interprete>revolver</interprete>
		<anyo>2015</anyo>
		<estilo>pop-rock</estilo>
		<duracion>02:30 horas</duracion>
		<precio>23</precio>
	</cd>
	<cd>
		<titulo>Comes</titulo>
		<interprete>The Liberty</interprete>
		<anyo>2015</anyo>
		<estilo>pop</estilo>
		<duracion>03:00 horas</duracion>
		<precio>13.00</precio>
	</cd>
	<cd>
		<titulo>Wallflower</titulo>
		<interprete>Diana Krall</interprete>
		<anyo>2014</anyo>
		<estilo>pop</estilo>
		<duracion>02:00 horas</duracion>
		<precio>12.00</precio>
	</cd>
	<cd>
		<titulo>Corazón</titulo>
		<interprete>Alejandro</interprete>
		<anyo>2000</anyo>
		<estilo>Balada</estilo>
		<duracion>01:45 horas</duracion>
		<precio>5.00</precio>
	</cd>
	<cd>
		<titulo>Mi Nube</titulo>
		<interprete>María Balls</interprete>
		<anyo>2015</anyo>
		<estilo>Rock</estilo>
		<duracion>02:45 horas</duracion>
		<precio>07.50</precio>
	</cd>
</cds>
