<?xml version="1.0" encoding="utf-8"?>
<vehiculos xmlns:xs="http://www.w3.org/2001/XMLSchema-instance" xs:noNamespaceSchemaLocation="autos.xsd">

 <vehiculo>
  <nickname>Count Zero</nickname>
  <modelo>Series I, 80"</modelo>
  <construccion>
   <comienzo>
    <dia>21</dia>
    <mes>July</mes>
    <año>1949</año>
   </comienzo>
   <fin>
    <dia>9</dia>
    <mes>August</mes>
    <año>1949</año>
   </fin>
  </construccion>
  <modelos>
   <model>Change Engine</model>
   <model>Change pedals</model>
   <model>Change gearbox</model>
   <model>Fit Rollcage</model>
  </modelos>
 </vehiculo>
</vehiculos>
