﻿<?xml version="1.0" encoding="UTF-8"?>
<!DOCTYPE clínica_derma
[
<!ELEMENT clínica_derma (paciente, consultas)*>
<!ELEMENT paciente (nombre+, apellidos+, dni?, nacimiento?, teléfono?, historial?)>
<!ATTLIST paciente hist_no NMTOKEN #REQUIRED>
<!ELEMENT nombre (#PCDATA)>
<!ATTLIST nombre name NMTOKEN #REQUIRED>
<!ATTLIST nombre tutor IDREF #IMPLIED>
<!ELEMENT apellidos (#PCDATA)>
<!ELEMENT dni (#PCDATA)>
<!ELEMENT nacimiento (#PCDATA)>
<!ELEMENT teléfono (#PCDATA)>
<!ELEMENT historial (#PCDATA)>
<!ELEMENT consultas (c1|c2|c3)>
<!ELEMENT c1 (fecha,hora)?>
<!ELEMENT fecha (#PCDATA)>
<!ELEMENT hora (#PCDATA)>
<!ATTLIST c1 hist_no NMTOKEN #REQUIRED>
<!ELEMENT c2 (fecha,hora)?>
<!ATTLIST c2 hist_no NMTOKEN #REQUIRED>
<!ELEMENT c3 (fecha,hora)?>
]>

<clínica_derma>
  <paciente hist_no="1">
    <nombre name="1">Paco</nombre>
    <apellidos>Correa Fuertes</apellidos>
    <dni>11222333L</dni>
    <nacimiento>15-05-1990</nacimiento>
    <teléfono>777888555</teléfono>
    <historial> 1</historial>  
  </paciente>
  <paciente hist_no="2">
    <nombre name="2">Manolo</nombre>
    <apellidos>Strong</apellidos>
    <dni>x666y</dni>
    <nacimiento>1970.01.10</nacimiento>
    <teléfono>+34999</teléfono>
    <historial> 2</historial>  
  </paciente>
    <paciente hist_no="3">
    <nombre name="3" tutor="Paco">Niño</nombre>
    <apellidos>Menor Edad</apellidos>
    <dni></dni>
    <nacimiento>15-10-2017</nacimiento>
    <teléfono></teléfono>
    <historial> 3</historial>  
  </paciente>
  
  <consultas>
    <c1 hist_no="1"></c1>
      <fecha>12-11-2017</fecha>
      <hora>17:30</hora>
    <c2 hist_no="3"></c2>
      <fecha>15-11-2017</fecha>
      <hora>12:00</hora>
    <c3></c3>
      <fecha></fecha>
      <hora></hora>
  </consultas>
</clínica_derma>