﻿<?xml version="1.0" encoding="UTF-8"?>
<!DOCTYPE listaalumnos [
<!ELEMENT listaalumnos (alumno*)>
<!ELEMENT alumno (nombre+, apellido1+, apellido2+, dni, nacimiento, telefono?)>
<!ELEMENT nombre (#PCDATA)>
<!ELEMENT apellido1 (#PCDATA)>
<!ELEMENT apellido2 (#PCDATA)>
<!ELEMENT dni (#PCDATA)>
<!ELEMENT nacimiento (#PCDATA)>
<!ELEMENT telefono (#PCDATA)>
]>

<listaalumnos>
<alumno>
<nombre>jonatan</nombre>
<apellido1>fuentes</apellido1>
<apellido2>garcía</apellido2>
<dni>75891531</dni>
<nacimiento>14-11-1988</nacimiento>
<telefono>685546935</telefono>
</alumno>
<alumno>
<nombre>manolo</nombre>
<apellido1>juan</apellido1>
<apellido2>pepe</apellido2>
<dni>11111111</dni>
<nacimiento>14-11-1988</nacimiento>
</alumno>
</listaalumnos>