﻿<?xml version="1.0" encoding="UTF-8"?>
    <agenda xmlns:xs= "http://www.w3.org/2001/XMLSchema-instance" xs:noNamespaceSchemaLocation="tarea2.xsd">
      
      <persona nacimiento="1999-10-20">
	      <datos> 
			    <nombre>Pepe</nombre> 
			    <apellidos>Garcia</apellidos> 
		    	<dni>25390952</dni> 
	      </datos> 
	      <comentario>buena gente...</comentario> 
      </persona>
      <persona nacimiento="1980-11-25">
	      <datos> 
			    <nombre>Juani</nombre> 
			    <apellidos>Pérez</apellidos> 
			    <dni>25364578</dni> 
	      </datos> 
	      <comentario>amigo de Pepe...</comentario> 
      </persona>
  </agenda>