﻿<?xml version="1.0" encoding="UTF-8"?>
<!DOCTYPE lista_pedidos[
<!ELEMENT lista_pedidos (pedido)*>
<!ELEMENT pedido (cliente, importe, productos)><!--te faltaba productos-->
<!ATTLIST pedido cod ID #REQUIRED>
<!ELEMENT cliente (#PCDATA)>
<!ELEMENT importe (#PCDATA)>
<!ELEMENT productos (producto*)>
<!ELEMENT producto (descripcion, cantidad)><!--sobrabran los + y *, pues ya lo has puesto arriba--><!--tenías escrito cantida en lugar de cantidad-->
<!ATTLIST producto ref CDATA #IMPLIED>
<!ELEMENT descripcion (#PCDATA)>
<!ELEMENT cantidad (#PCDATA)>

]>

<lista_pedidos>
          <pedido cod="p001">
                 <cliente>Paco Pérez</cliente>
                 <importe>1200</importe>
                 <productos>
                  <producto ref="r001">
                  <descripcion>tuercas 2mm</descripcion>
                  <cantidad>20</cantidad>
                  </producto>
                  <producto ref="r003">
                  <descripcion>tornillo 2mm</descripcion>
                  <cantidad>10</cantidad>
                  </producto>
                 </productos>
          </pedido>
          <pedido cod="p002">
                 <cliente>Pepe Pérez</cliente>
                 <importe>100</importe>
                 <productos>
                  <producto ref="r004">
                  <descripcion>martillo</descripcion>
                  <cantidad>1</cantidad>
                  </producto>
                  <producto ref="r007">
                  <descripcion>maza</descripcion>
                  <cantidad>2</cantidad>
                  </producto>
                 </productos>
          </pedido>
</lista_pedidos>

